method,sink,window,heavy,repeat,total_budget,source_file,task_id,reward,termination_reason,duration_s,turns
baseline,,,,run1,,stress_baseline_1x30.json,0,1.0,user_stop,193.79248895298224,14
baseline,,,,1st,,stress_baseline_1x30_1st.json,0,1.0,user_stop,202.9335876099649,14
baseline,,,,2nd,,stress_baseline_1x30_2nd.json,0,1.0,user_stop,135.54067740001483,12
baseline,,,,3rd,,stress_baseline_1x30_3rd.json,0,1.0,user_stop,195.53842646704288,14
h2o,4.0,32.0,32.0,run1,68.0,stress_h2o_1x30_4_32_32.json,0,0.0,task_timeout,825.0316157439956,65
h2o,4.0,32.0,64.0,run1,100.0,stress_h2o_1x30_4_32_64.json,0,0.0,task_timeout,800.6241540900664,50
h2o,4.0,64.0,32.0,run1,100.0,stress_h2o_1x30_4_64_32.json,0,1.0,user_stop,221.23113677301444,20
h2o,4.0,64.0,64.0,run1,132.0,stress_h2o_1x30_4_64_64.json,0,1.0,user_stop,584.4120481959544,42
h2o,4.0,32.0,128.0,run1,164.0,stress_h2o_1x30_4_32_128.json,0,1.0,user_stop,291.8133369330317,24
h2o,4.0,128.0,32.0,run1,164.0,stress_h2o_1x30_4_128_32.json,0,1.0,user_stop,162.3385017790133,14
h2o,4.0,64.0,128.0,run1,196.0,stress_h2o_1x30_4_64_128.json,0,1.0,user_stop,240.2977795730112,22
h2o,4.0,128.0,64.0,run1,196.0,stress_h2o_1x30_4_128_64.json,0,1.0,user_stop,206.28666719200555,22
h2o,4.0,128.0,128.0,run1,260.0,stress_h2o_1x30_4_128_128.json,0,1.0,user_stop,479.998040002014,36
h2o,4.0,32.0,256.0,run1,292.0,stress_h2o_1x30_4_32_256.json,0,1.0,user_stop,432.45806334598456,38
h2o,4.0,256.0,32.0,run1,292.0,stress_h2o_1x30_4_256_32.json,0,1.0,user_stop,180.5659651850001,18
h2o,4.0,64.0,256.0,run1,324.0,stress_h2o_1x30_4_64_256.json,0,1.0,user_stop,308.66438584099524,26
h2o,4.0,256.0,64.0,run1,324.0,stress_h2o_1x30_4_256_64.json,0,1.0,user_stop,230.50468614901183,18
h2o,4.0,128.0,256.0,run1,388.0,stress_h2o_1x30_4_128_256.json,0,1.0,user_stop,238.7568743749871,18
h2o,4.0,256.0,128.0,run1,388.0,stress_h2o_1x30_4_256_128.json,0,1.0,user_stop,239.74491361097898,20
h2o,4.0,256.0,256.0,run1,516.0,stress_h2o_1x30_4_256_256.json,0,1.0,user_stop,107.71936869097408,14
h2o,4.0,512.0,32.0,1st,548.0,stress_h2o_1x30_4_512_32_1st.json,0,1.0,user_stop,190.63266317400848,16
h2o,4.0,512.0,32.0,2nd,548.0,stress_h2o_1x30_4_512_32_2nd.json,0,1.0,user_stop,300.7447165910271,28
h2o,4.0,512.0,64.0,1st,580.0,stress_h2o_1x30_4_512_64_1st.json,0,1.0,user_stop,112.66411339200567,12
h2o,4.0,512.0,64.0,2nd,580.0,stress_h2o_1x30_4_512_64_2nd.json,0,1.0,user_stop,114.53811862302246,12
h2o,4.0,512.0,128.0,1st,644.0,stress_h2o_1x30_4_512_128_1st.json,0,1.0,user_stop,204.1759322709986,16
h2o,4.0,512.0,128.0,2nd,644.0,stress_h2o_1x30_4_512_128_2nd.json,0,1.0,user_stop,198.42061157297576,16
h2o,4.0,512.0,256.0,1st,772.0,stress_h2o_1x30_4_512_256_1st.json,0,1.0,user_stop,205.779469842033,14
h2o,4.0,512.0,256.0,2nd,772.0,stress_h2o_1x30_4_512_256_2nd.json,0,1.0,user_stop,129.55010303703602,12
h2o,4.0,1024.0,64.0,1st,1092.0,stress_h2o_1x30_4_1024_64_1st.json,0,1.0,user_stop,199.5864054580452,14
streamingllm,4.0,32.0,0.0,run1,36.0,stress_streamingllm_1x30_4_32.json,0,0.0,task_timeout,831.2548797860509,37
streamingllm,4.0,64.0,0.0,run1,68.0,stress_streamingllm_1x30_4_64.json,0,0.0,task_timeout,815.6285143929999,33
streamingllm,4.0,128.0,0.0,run1,132.0,stress_streamingllm_1x30_4_128.json,0,1.0,user_stop,291.5241503919824,16
streamingllm,4.0,256.0,0.0,run1,260.0,stress_streamingllm_1x30_4_256.json,0,1.0,user_stop,327.8754632639466,14
streamingllm,4.0,512.0,0.0,1st,516.0,stress_streamingllm_1x30_4_512_1st.json,0,1.0,user_stop,163.11314074101392,10
streamingllm,4.0,512.0,0.0,2nd,516.0,stress_streamingllm_1x30_4_512_2nd.json,0,1.0,user_stop,219.4678061939776,12
streamingllm,4.0,1024.0,0.0,run1,1028.0,stress_streamingllm_1x30_4_1024.json,0,1.0,user_stop,208.45904183201492,10
baseline,,,,run1,,stress_baseline_1x30.json,1,1.0,user_stop,192.39217868202832,16
baseline,,,,1st,,stress_baseline_1x30_1st.json,1,1.0,user_stop,198.86092339199968,16
baseline,,,,2nd,,stress_baseline_1x30_2nd.json,1,1.0,user_stop,196.45000454597175,20
baseline,,,,3rd,,stress_baseline_1x30_3rd.json,1,1.0,user_stop,217.247185856977,18
h2o,4.0,32.0,32.0,run1,68.0,stress_h2o_1x30_4_32_32.json,1,1.0,user_stop,192.17590048606507,22
h2o,4.0,32.0,64.0,run1,100.0,stress_h2o_1x30_4_32_64.json,1,1.0,user_stop,220.76830145099666,20
h2o,4.0,64.0,32.0,run1,100.0,stress_h2o_1x30_4_64_32.json,1,1.0,user_stop,358.92151791707147,22
h2o,4.0,64.0,64.0,run1,132.0,stress_h2o_1x30_4_64_64.json,1,1.0,user_stop,431.86012440698687,36
h2o,4.0,32.0,128.0,run1,164.0,stress_h2o_1x30_4_32_128.json,1,0.0,task_timeout,803.5710796590429,75
h2o,4.0,128.0,32.0,run1,164.0,stress_h2o_1x30_4_128_32.json,1,1.0,user_stop,222.09788288903655,20
h2o,4.0,64.0,128.0,run1,196.0,stress_h2o_1x30_4_64_128.json,1,1.0,user_stop,552.7507672440261,64
h2o,4.0,128.0,64.0,run1,196.0,stress_h2o_1x30_4_128_64.json,1,1.0,user_stop,286.4579260200262,34
h2o,4.0,128.0,128.0,run1,260.0,stress_h2o_1x30_4_128_128.json,1,1.0,user_stop,254.21924064698396,22
h2o,4.0,32.0,256.0,run1,292.0,stress_h2o_1x30_4_32_256.json,1,0.0,task_timeout,803.5473740970483,89
h2o,4.0,256.0,32.0,run1,292.0,stress_h2o_1x30_4_256_32.json,1,1.0,user_stop,429.8025354249985,32
h2o,4.0,64.0,256.0,run1,324.0,stress_h2o_1x30_4_64_256.json,1,1.0,user_stop,389.42078871803824,38
h2o,4.0,256.0,64.0,run1,324.0,stress_h2o_1x30_4_256_64.json,1,1.0,user_stop,252.36475942999823,20
h2o,4.0,128.0,256.0,run1,388.0,stress_h2o_1x30_4_128_256.json,1,1.0,user_stop,273.54597367398674,24
h2o,4.0,256.0,128.0,run1,388.0,stress_h2o_1x30_4_256_128.json,1,1.0,user_stop,37.18326299497858,8
h2o,4.0,256.0,256.0,run1,516.0,stress_h2o_1x30_4_256_256.json,1,1.0,user_stop,297.9217525999993,28
h2o,4.0,512.0,32.0,1st,548.0,stress_h2o_1x30_4_512_32_1st.json,1,1.0,user_stop,206.29519344796427,16
h2o,4.0,512.0,32.0,2nd,548.0,stress_h2o_1x30_4_512_32_2nd.json,1,1.0,user_stop,300.0772006639745,22
h2o,4.0,512.0,64.0,1st,580.0,stress_h2o_1x30_4_512_64_1st.json,1,1.0,user_stop,38.34095599397551,8
h2o,4.0,512.0,64.0,2nd,580.0,stress_h2o_1x30_4_512_64_2nd.json,1,1.0,user_stop,221.72760999400634,20
h2o,4.0,512.0,128.0,1st,644.0,stress_h2o_1x30_4_512_128_1st.json,1,1.0,user_stop,35.646655510994606,8
h2o,4.0,512.0,128.0,2nd,644.0,stress_h2o_1x30_4_512_128_2nd.json,1,1.0,user_stop,35.42713304597419,8
h2o,4.0,512.0,256.0,1st,772.0,stress_h2o_1x30_4_512_256_1st.json,1,1.0,user_stop,208.03823129698867,16
h2o,4.0,512.0,256.0,2nd,772.0,stress_h2o_1x30_4_512_256_2nd.json,1,1.0,user_stop,245.8224656790262,16
h2o,4.0,1024.0,64.0,1st,1092.0,stress_h2o_1x30_4_1024_64_1st.json,1,1.0,user_stop,231.72169523197226,16
streamingllm,4.0,32.0,0.0,run1,36.0,stress_streamingllm_1x30_4_32.json,1,0.0,task_timeout,828.0417919879546,31
streamingllm,4.0,64.0,0.0,run1,68.0,stress_streamingllm_1x30_4_64.json,1,1.0,user_stop,222.587469858001,10
streamingllm,4.0,128.0,0.0,run1,132.0,stress_streamingllm_1x30_4_128.json,1,1.0,user_stop,184.7469058529823,10
streamingllm,4.0,256.0,0.0,run1,260.0,stress_streamingllm_1x30_4_256.json,1,1.0,user_stop,173.1701129740104,10
streamingllm,4.0,512.0,0.0,1st,516.0,stress_streamingllm_1x30_4_512_1st.json,1,1.0,user_stop,355.0505267790286,18
streamingllm,4.0,512.0,0.0,2nd,516.0,stress_streamingllm_1x30_4_512_2nd.json,1,1.0,user_stop,216.23466325399932,12
streamingllm,4.0,1024.0,0.0,run1,1028.0,stress_streamingllm_1x30_4_1024.json,1,1.0,user_stop,278.40097313397564,14
baseline,,,,run1,,stress_baseline_1x30.json,10,1.0,user_stop,349.1037587780156,26
baseline,,,,1st,,stress_baseline_1x30_1st.json,10,1.0,user_stop,244.64372725901194,22
baseline,,,,2nd,,stress_baseline_1x30_2nd.json,10,1.0,user_stop,342.49384787201416,30
baseline,,,,3rd,,stress_baseline_1x30_3rd.json,10,1.0,user_stop,268.55597134301206,24
h2o,4.0,32.0,32.0,run1,68.0,stress_h2o_1x30_4_32_32.json,10,0.0,task_timeout,824.7453257209854,47
h2o,4.0,32.0,64.0,run1,100.0,stress_h2o_1x30_4_32_64.json,10,1.0,user_stop,256.1473464119481,20
h2o,4.0,64.0,32.0,run1,100.0,stress_h2o_1x30_4_64_32.json,10,1.0,user_stop,460.0820260690525,26
h2o,4.0,64.0,64.0,run1,132.0,stress_h2o_1x30_4_64_64.json,10,1.0,user_stop,352.9278053439921,30
h2o,4.0,32.0,128.0,run1,164.0,stress_h2o_1x30_4_32_128.json,10,1.0,user_stop,261.6527270739898,32
h2o,4.0,128.0,32.0,run1,164.0,stress_h2o_1x30_4_128_32.json,10,1.0,user_stop,573.3377850300167,36
h2o,4.0,64.0,128.0,run1,196.0,stress_h2o_1x30_4_64_128.json,10,1.0,user_stop,203.61964860698208,22
h2o,4.0,128.0,64.0,run1,196.0,stress_h2o_1x30_4_128_64.json,10,0.0,task_timeout,803.7338084360235,56
h2o,4.0,128.0,128.0,run1,260.0,stress_h2o_1x30_4_128_128.json,10,1.0,user_stop,286.03545294096693,30
h2o,4.0,32.0,256.0,run1,292.0,stress_h2o_1x30_4_32_256.json,10,1.0,user_stop,148.43313351797406,22
h2o,4.0,256.0,32.0,run1,292.0,stress_h2o_1x30_4_256_32.json,10,1.0,user_stop,647.0665165029932,44
h2o,4.0,64.0,256.0,run1,324.0,stress_h2o_1x30_4_64_256.json,10,1.0,user_stop,222.60675470600836,28
h2o,4.0,256.0,64.0,run1,324.0,stress_h2o_1x30_4_256_64.json,10,1.0,user_stop,384.0098046840285,34
h2o,4.0,128.0,256.0,run1,388.0,stress_h2o_1x30_4_128_256.json,10,1.0,user_stop,144.9474632400088,18
h2o,4.0,256.0,128.0,run1,388.0,stress_h2o_1x30_4_256_128.json,10,1.0,user_stop,282.9993709589471,22
h2o,4.0,256.0,256.0,run1,516.0,stress_h2o_1x30_4_256_256.json,10,1.0,user_stop,304.48304908099817,28
h2o,4.0,512.0,32.0,1st,548.0,stress_h2o_1x30_4_512_32_1st.json,10,1.0,user_stop,201.40851644001668,20
h2o,4.0,512.0,32.0,2nd,548.0,stress_h2o_1x30_4_512_32_2nd.json,10,1.0,user_stop,518.2509237479535,34
h2o,4.0,512.0,64.0,1st,580.0,stress_h2o_1x30_4_512_64_1st.json,10,1.0,user_stop,540.3769216609653,38
h2o,4.0,512.0,64.0,2nd,580.0,stress_h2o_1x30_4_512_64_2nd.json,10,1.0,user_stop,259.70364666200476,24
h2o,4.0,512.0,128.0,1st,644.0,stress_h2o_1x30_4_512_128_1st.json,10,1.0,user_stop,249.87309588101925,22
h2o,4.0,512.0,128.0,2nd,644.0,stress_h2o_1x30_4_512_128_2nd.json,10,1.0,user_stop,255.00424601801205,22
h2o,4.0,512.0,256.0,1st,772.0,stress_h2o_1x30_4_512_256_1st.json,10,1.0,user_stop,407.6205964249675,34
h2o,4.0,512.0,256.0,2nd,772.0,stress_h2o_1x30_4_512_256_2nd.json,10,1.0,user_stop,90.07892000302672,12
h2o,4.0,1024.0,64.0,1st,1092.0,stress_h2o_1x30_4_1024_64_1st.json,10,1.0,user_stop,35.03650922898669,8
streamingllm,4.0,32.0,0.0,run1,36.0,stress_streamingllm_1x30_4_32.json,10,1.0,user_stop,432.2991412440315,22
streamingllm,4.0,64.0,0.0,run1,68.0,stress_streamingllm_1x30_4_64.json,10,0.0,task_timeout,808.3513555349782,29
streamingllm,4.0,128.0,0.0,run1,132.0,stress_streamingllm_1x30_4_128.json,10,0.0,task_timeout,813.2761472860002,29
streamingllm,4.0,256.0,0.0,run1,260.0,stress_streamingllm_1x30_4_256.json,10,1.0,user_stop,110.67400898999767,10
streamingllm,4.0,512.0,0.0,1st,516.0,stress_streamingllm_1x30_4_512_1st.json,10,1.0,user_stop,751.9241725979955,30
streamingllm,4.0,512.0,0.0,2nd,516.0,stress_streamingllm_1x30_4_512_2nd.json,10,1.0,user_stop,148.73743659100728,14
streamingllm,4.0,1024.0,0.0,run1,1028.0,stress_streamingllm_1x30_4_1024.json,10,1.0,user_stop,221.93636900396086,14
baseline,,,,run1,,stress_baseline_1x30.json,13,1.0,user_stop,116.65121491695754,12
baseline,,,,1st,,stress_baseline_1x30_1st.json,13,1.0,user_stop,131.0762346580159,14
baseline,,,,2nd,,stress_baseline_1x30_2nd.json,13,1.0,user_stop,132.68888231099118,14
baseline,,,,3rd,,stress_baseline_1x30_3rd.json,13,1.0,user_stop,124.088612905005,14
h2o,4.0,32.0,32.0,run1,68.0,stress_h2o_1x30_4_32_32.json,13,1.0,user_stop,414.9352254399564,38
h2o,4.0,32.0,64.0,run1,100.0,stress_h2o_1x30_4_32_64.json,13,0.0,task_timeout,829.6337702949531,67
h2o,4.0,64.0,32.0,run1,100.0,stress_h2o_1x30_4_64_32.json,13,1.0,user_stop,374.54196908604354,26
h2o,4.0,64.0,64.0,run1,132.0,stress_h2o_1x30_4_64_64.json,13,1.0,user_stop,440.96931491291616,44
h2o,4.0,32.0,128.0,run1,164.0,stress_h2o_1x30_4_32_128.json,13,1.0,user_stop,188.51207190996502,18
h2o,4.0,128.0,32.0,run1,164.0,stress_h2o_1x30_4_128_32.json,13,0.0,task_timeout,812.442427921982,57
h2o,4.0,64.0,128.0,run1,196.0,stress_h2o_1x30_4_64_128.json,13,1.0,user_stop,132.83340558304917,14
h2o,4.0,128.0,64.0,run1,196.0,stress_h2o_1x30_4_128_64.json,13,1.0,user_stop,339.01636625098763,24
h2o,4.0,128.0,128.0,run1,260.0,stress_h2o_1x30_4_128_128.json,13,1.0,user_stop,186.56579550902825,18
h2o,4.0,32.0,256.0,run1,292.0,stress_h2o_1x30_4_32_256.json,13,1.0,user_stop,111.75413187604863,14
h2o,4.0,256.0,32.0,run1,292.0,stress_h2o_1x30_4_256_32.json,13,1.0,user_stop,314.0955237490125,22
h2o,4.0,64.0,256.0,run1,324.0,stress_h2o_1x30_4_64_256.json,13,1.0,user_stop,229.91165300889406,16
h2o,4.0,256.0,64.0,run1,324.0,stress_h2o_1x30_4_256_64.json,13,1.0,user_stop,264.55657325999346,20
h2o,4.0,128.0,256.0,run1,388.0,stress_h2o_1x30_4_128_256.json,13,1.0,user_stop,214.8111479000072,18
h2o,4.0,256.0,128.0,run1,388.0,stress_h2o_1x30_4_256_128.json,13,1.0,user_stop,132.46261452394538,12
h2o,4.0,256.0,256.0,run1,516.0,stress_h2o_1x30_4_256_256.json,13,1.0,user_stop,249.64113235496916,18
h2o,4.0,512.0,32.0,1st,548.0,stress_h2o_1x30_4_512_32_1st.json,13,1.0,user_stop,151.9699849819881,14
h2o,4.0,512.0,32.0,2nd,548.0,stress_h2o_1x30_4_512_32_2nd.json,13,1.0,user_stop,129.76440745801665,14
h2o,4.0,512.0,64.0,1st,580.0,stress_h2o_1x30_4_512_64_1st.json,13,1.0,user_stop,160.07220938702812,16
h2o,4.0,512.0,64.0,2nd,580.0,stress_h2o_1x30_4_512_64_2nd.json,13,1.0,user_stop,150.31224868597928,16
h2o,4.0,512.0,128.0,1st,644.0,stress_h2o_1x30_4_512_128_1st.json,13,1.0,user_stop,169.74276534002274,16
h2o,4.0,512.0,128.0,2nd,644.0,stress_h2o_1x30_4_512_128_2nd.json,13,1.0,user_stop,150.86906285298755,14
h2o,4.0,512.0,256.0,1st,772.0,stress_h2o_1x30_4_512_256_1st.json,13,1.0,user_stop,432.07812129397644,28
h2o,4.0,512.0,256.0,2nd,772.0,stress_h2o_1x30_4_512_256_2nd.json,13,1.0,user_stop,212.39278881502105,16
h2o,4.0,1024.0,64.0,1st,1092.0,stress_h2o_1x30_4_1024_64_1st.json,13,1.0,user_stop,125.65148479299387,12
streamingllm,4.0,32.0,0.0,run1,36.0,stress_streamingllm_1x30_4_32.json,13,1.0,user_stop,253.8856312209973,14
streamingllm,4.0,64.0,0.0,run1,68.0,stress_streamingllm_1x30_4_64.json,13,0.0,task_timeout,819.6863158229971,33
streamingllm,4.0,128.0,0.0,run1,132.0,stress_streamingllm_1x30_4_128.json,13,1.0,user_stop,432.8179264939972,18
streamingllm,4.0,256.0,0.0,run1,260.0,stress_streamingllm_1x30_4_256.json,13,1.0,user_stop,334.1400741620455,16
streamingllm,4.0,512.0,0.0,1st,516.0,stress_streamingllm_1x30_4_512_1st.json,13,1.0,user_stop,196.09108098602155,10
streamingllm,4.0,512.0,0.0,2nd,516.0,stress_streamingllm_1x30_4_512_2nd.json,13,1.0,user_stop,127.68869315495249,10
streamingllm,4.0,1024.0,0.0,run1,1028.0,stress_streamingllm_1x30_4_1024.json,13,1.0,user_stop,242.07763438503025,12
baseline,,,,run1,,stress_baseline_1x30.json,26,1.0,user_stop,139.25807175395312,14
baseline,,,,1st,,stress_baseline_1x30_1st.json,26,1.0,user_stop,164.072913357988,14
baseline,,,,2nd,,stress_baseline_1x30_2nd.json,26,1.0,user_stop,146.51634838897735,14
baseline,,,,3rd,,stress_baseline_1x30_3rd.json,26,1.0,user_stop,127.37971540703438,14
h2o,4.0,32.0,32.0,run1,68.0,stress_h2o_1x30_4_32_32.json,26,0.0,task_timeout,832.5287169580115,49
h2o,4.0,32.0,64.0,run1,100.0,stress_h2o_1x30_4_32_64.json,26,1.0,user_stop,211.5495608979836,24
h2o,4.0,64.0,32.0,run1,100.0,stress_h2o_1x30_4_64_32.json,26,1.0,user_stop,681.4650344080292,40
h2o,4.0,64.0,64.0,run1,132.0,stress_h2o_1x30_4_64_64.json,26,1.0,user_stop,338.5360251109814,32
h2o,4.0,32.0,128.0,run1,164.0,stress_h2o_1x30_4_32_128.json,26,1.0,user_stop,126.27112856402528,18
h2o,4.0,128.0,32.0,run1,164.0,stress_h2o_1x30_4_128_32.json,26,1.0,user_stop,308.7470073570148,22
h2o,4.0,64.0,128.0,run1,196.0,stress_h2o_1x30_4_64_128.json,26,1.0,user_stop,268.7255045879865,24
h2o,4.0,128.0,64.0,run1,196.0,stress_h2o_1x30_4_128_64.json,26,1.0,user_stop,194.50532933103386,18
h2o,4.0,128.0,128.0,run1,260.0,stress_h2o_1x30_4_128_128.json,26,1.0,user_stop,284.2857112920028,26
h2o,4.0,32.0,256.0,run1,292.0,stress_h2o_1x30_4_32_256.json,26,1.0,user_stop,29.575396193074994,8
h2o,4.0,256.0,32.0,run1,292.0,stress_h2o_1x30_4_256_32.json,26,1.0,user_stop,242.87738395499764,24
h2o,4.0,64.0,256.0,run1,324.0,stress_h2o_1x30_4_64_256.json,26,1.0,user_stop,201.16775293892715,20
h2o,4.0,256.0,64.0,run1,324.0,stress_h2o_1x30_4_256_64.json,26,1.0,user_stop,280.4643752469565,24
h2o,4.0,128.0,256.0,run1,388.0,stress_h2o_1x30_4_128_256.json,26,1.0,user_stop,543.1161359979887,40
h2o,4.0,256.0,128.0,run1,388.0,stress_h2o_1x30_4_256_128.json,26,1.0,user_stop,184.35337481397437,22
h2o,4.0,256.0,256.0,run1,516.0,stress_h2o_1x30_4_256_256.json,26,1.0,user_stop,184.87632713100174,22
h2o,4.0,512.0,32.0,1st,548.0,stress_h2o_1x30_4_512_32_1st.json,26,1.0,user_stop,211.70340824400773,20
h2o,4.0,512.0,32.0,2nd,548.0,stress_h2o_1x30_4_512_32_2nd.json,26,1.0,user_stop,84.3272644939716,18
h2o,4.0,512.0,64.0,1st,580.0,stress_h2o_1x30_4_512_64_1st.json,26,1.0,user_stop,473.0912862789701,48
h2o,4.0,512.0,64.0,2nd,580.0,stress_h2o_1x30_4_512_64_2nd.json,26,1.0,user_stop,201.63184885901865,20
h2o,4.0,512.0,128.0,1st,644.0,stress_h2o_1x30_4_512_128_1st.json,26,1.0,user_stop,221.7248005659785,24
h2o,4.0,512.0,128.0,2nd,644.0,stress_h2o_1x30_4_512_128_2nd.json,26,1.0,user_stop,145.03538235003361,20
h2o,4.0,512.0,256.0,1st,772.0,stress_h2o_1x30_4_512_256_1st.json,26,1.0,user_stop,331.2067022389965,20
h2o,4.0,512.0,256.0,2nd,772.0,stress_h2o_1x30_4_512_256_2nd.json,26,1.0,user_stop,172.2284039449878,18
h2o,4.0,1024.0,64.0,1st,1092.0,stress_h2o_1x30_4_1024_64_1st.json,26,1.0,user_stop,148.58059170399792,14
streamingllm,4.0,32.0,0.0,run1,36.0,stress_streamingllm_1x30_4_32.json,26,1.0,user_stop,336.69545301492326,16
streamingllm,4.0,64.0,0.0,run1,68.0,stress_streamingllm_1x30_4_64.json,26,1.0,user_stop,285.0945383490762,12
streamingllm,4.0,128.0,0.0,run1,132.0,stress_streamingllm_1x30_4_128.json,26,1.0,user_stop,176.38907328800997,10
streamingllm,4.0,256.0,0.0,run1,260.0,stress_streamingllm_1x30_4_256.json,26,1.0,user_stop,153.56926768203266,10
streamingllm,4.0,512.0,0.0,1st,516.0,stress_streamingllm_1x30_4_512_1st.json,26,1.0,user_stop,280.1779588009813,14
streamingllm,4.0,512.0,0.0,2nd,516.0,stress_streamingllm_1x30_4_512_2nd.json,26,1.0,user_stop,231.50627113698283,12
streamingllm,4.0,1024.0,0.0,run1,1028.0,stress_streamingllm_1x30_4_1024.json,26,1.0,user_stop,241.17713161796564,14
baseline,,,,run1,,stress_baseline_1x30.json,28,1.0,user_stop,204.73517280002125,18
baseline,,,,1st,,stress_baseline_1x30_1st.json,28,1.0,user_stop,173.45299613900715,14
baseline,,,,2nd,,stress_baseline_1x30_2nd.json,28,1.0,user_stop,128.70759895502124,12
baseline,,,,3rd,,stress_baseline_1x30_3rd.json,28,1.0,user_stop,188.3105654650135,14
h2o,4.0,32.0,32.0,run1,68.0,stress_h2o_1x30_4_32_32.json,28,1.0,user_stop,651.9684083600296,52
h2o,4.0,32.0,64.0,run1,100.0,stress_h2o_1x30_4_32_64.json,28,0.0,task_timeout,808.3672899861122,69
h2o,4.0,64.0,32.0,run1,100.0,stress_h2o_1x30_4_64_32.json,28,0.0,task_timeout,804.9966167500243,117
h2o,4.0,64.0,64.0,run1,132.0,stress_h2o_1x30_4_64_64.json,28,1.0,user_stop,376.1489631140139,34
h2o,4.0,32.0,128.0,run1,164.0,stress_h2o_1x30_4_32_128.json,28,0.0,task_timeout,801.3075883629499,134
h2o,4.0,128.0,32.0,run1,164.0,stress_h2o_1x30_4_128_32.json,28,1.0,user_stop,204.78345196699956,24
h2o,4.0,64.0,128.0,run1,196.0,stress_h2o_1x30_4_64_128.json,28,1.0,user_stop,256.866938296007,26
h2o,4.0,128.0,64.0,run1,196.0,stress_h2o_1x30_4_128_64.json,28,1.0,user_stop,202.2846290980233,18
h2o,4.0,128.0,128.0,run1,260.0,stress_h2o_1x30_4_128_128.json,28,1.0,user_stop,354.13202911103144,32
h2o,4.0,32.0,256.0,run1,292.0,stress_h2o_1x30_4_32_256.json,28,1.0,user_stop,306.10698312695604,30
h2o,4.0,256.0,32.0,run1,292.0,stress_h2o_1x30_4_256_32.json,28,1.0,user_stop,210.69532362400787,20
h2o,4.0,64.0,256.0,run1,324.0,stress_h2o_1x30_4_64_256.json,28,1.0,user_stop,193.23323245404754,16
h2o,4.0,256.0,64.0,run1,324.0,stress_h2o_1x30_4_256_64.json,28,1.0,user_stop,245.2650906050112,20
h2o,4.0,128.0,256.0,run1,388.0,stress_h2o_1x30_4_128_256.json,28,1.0,user_stop,299.6650202589808,22
h2o,4.0,256.0,128.0,run1,388.0,stress_h2o_1x30_4_256_128.json,28,1.0,user_stop,198.7367355360184,20
h2o,4.0,256.0,256.0,run1,516.0,stress_h2o_1x30_4_256_256.json,28,1.0,user_stop,241.97988785000052,26
h2o,4.0,512.0,32.0,1st,548.0,stress_h2o_1x30_4_512_32_1st.json,28,1.0,user_stop,147.7078172150068,16
h2o,4.0,512.0,32.0,2nd,548.0,stress_h2o_1x30_4_512_32_2nd.json,28,1.0,user_stop,199.5965699479566,16
h2o,4.0,512.0,64.0,1st,580.0,stress_h2o_1x30_4_512_64_1st.json,28,1.0,user_stop,171.1441796660074,14
h2o,4.0,512.0,64.0,2nd,580.0,stress_h2o_1x30_4_512_64_2nd.json,28,1.0,user_stop,140.55590517999372,16
h2o,4.0,512.0,128.0,1st,644.0,stress_h2o_1x30_4_512_128_1st.json,28,1.0,user_stop,220.6796540079522,18
h2o,4.0,512.0,128.0,2nd,644.0,stress_h2o_1x30_4_512_128_2nd.json,28,1.0,user_stop,324.01845911704004,32
h2o,4.0,512.0,256.0,1st,772.0,stress_h2o_1x30_4_512_256_1st.json,28,1.0,user_stop,186.21723841701169,16
h2o,4.0,512.0,256.0,2nd,772.0,stress_h2o_1x30_4_512_256_2nd.json,28,1.0,user_stop,172.32112849899568,16
h2o,4.0,1024.0,64.0,1st,1092.0,stress_h2o_1x30_4_1024_64_1st.json,28,1.0,user_stop,250.15337724704295,16
streamingllm,4.0,32.0,0.0,run1,36.0,stress_streamingllm_1x30_4_32.json,28,0.0,task_timeout,803.1666774220066,45
streamingllm,4.0,64.0,0.0,run1,68.0,stress_streamingllm_1x30_4_64.json,28,0.0,task_timeout,814.3153956379974,39
streamingllm,4.0,128.0,0.0,run1,132.0,stress_streamingllm_1x30_4_128.json,28,0.0,task_timeout,808.0775425739703,59
streamingllm,4.0,256.0,0.0,run1,260.0,stress_streamingllm_1x30_4_256.json,28,0.0,task_timeout,817.1046422290383,57
streamingllm,4.0,512.0,0.0,1st,516.0,stress_streamingllm_1x30_4_512_1st.json,28,1.0,user_stop,373.45402069797274,18
streamingllm,4.0,512.0,0.0,2nd,516.0,stress_streamingllm_1x30_4_512_2nd.json,28,1.0,user_stop,248.6743918369757,14
streamingllm,4.0,1024.0,0.0,run1,1028.0,stress_streamingllm_1x30_4_1024.json,28,1.0,user_stop,233.9848129649763,16
baseline,,,,run1,,stress_baseline_1x30.json,3,1.0,user_stop,76.35400178999407,12
baseline,,,,1st,,stress_baseline_1x30_1st.json,3,1.0,user_stop,69.40302113600774,12
baseline,,,,2nd,,stress_baseline_1x30_2nd.json,3,1.0,user_stop,88.54128926002886,12
baseline,,,,3rd,,stress_baseline_1x30_3rd.json,3,1.0,user_stop,70.21658773900708,12
h2o,4.0,32.0,32.0,run1,68.0,stress_h2o_1x30_4_32_32.json,3,1.0,user_stop,773.9910739089828,56
h2o,4.0,32.0,64.0,run1,100.0,stress_h2o_1x30_4_32_64.json,3,0.0,task_timeout,809.9334629919613,105
h2o,4.0,64.0,32.0,run1,100.0,stress_h2o_1x30_4_64_32.json,3,0.0,task_timeout,802.9452123160008,96
h2o,4.0,64.0,64.0,run1,132.0,stress_h2o_1x30_4_64_64.json,3,1.0,user_stop,297.796591700986,28
h2o,4.0,32.0,128.0,run1,164.0,stress_h2o_1x30_4_32_128.json,3,0.0,user_stop,110.39573043608107,20
h2o,4.0,128.0,32.0,run1,164.0,stress_h2o_1x30_4_128_32.json,3,0.0,user_stop,374.48630549694644,34
h2o,4.0,64.0,128.0,run1,196.0,stress_h2o_1x30_4_64_128.json,3,0.0,user_stop,204.28561421099585,16
h2o,4.0,128.0,64.0,run1,196.0,stress_h2o_1x30_4_128_64.json,3,0.0,user_stop,285.33420472603757,24
h2o,4.0,128.0,128.0,run1,260.0,stress_h2o_1x30_4_128_128.json,3,0.0,user_stop,207.56172055902425,18
h2o,4.0,32.0,256.0,run1,292.0,stress_h2o_1x30_4_32_256.json,3,0.0,user_stop,243.0478614140302,30
h2o,4.0,256.0,32.0,run1,292.0,stress_h2o_1x30_4_256_32.json,3,1.0,user_stop,98.86202365800273,12
h2o,4.0,64.0,256.0,run1,324.0,stress_h2o_1x30_4_64_256.json,3,1.0,user_stop,140.02556737407576,18
h2o,4.0,256.0,64.0,run1,324.0,stress_h2o_1x30_4_256_64.json,3,1.0,user_stop,216.6693475099746,24
h2o,4.0,128.0,256.0,run1,388.0,stress_h2o_1x30_4_128_256.json,3,0.0,user_stop,146.71078988403315,20
h2o,4.0,256.0,128.0,run1,388.0,stress_h2o_1x30_4_256_128.json,3,1.0,user_stop,95.20385425095446,12
h2o,4.0,256.0,256.0,run1,516.0,stress_h2o_1x30_4_256_256.json,3,1.0,user_stop,143.55361918895505,14
h2o,4.0,512.0,32.0,1st,548.0,stress_h2o_1x30_4_512_32_1st.json,3,0.0,user_stop,124.25608704600018,16
h2o,4.0,512.0,32.0,2nd,548.0,stress_h2o_1x30_4_512_32_2nd.json,3,1.0,user_stop,133.5916981580085,16
h2o,4.0,512.0,64.0,1st,580.0,stress_h2o_1x30_4_512_64_1st.json,3,0.0,user_stop,105.85761232499499,12
h2o,4.0,512.0,64.0,2nd,580.0,stress_h2o_1x30_4_512_64_2nd.json,3,0.0,user_stop,105.35184937802842,14
h2o,4.0,512.0,128.0,1st,644.0,stress_h2o_1x30_4_512_128_1st.json,3,1.0,user_stop,114.35108619200764,16
h2o,4.0,512.0,128.0,2nd,644.0,stress_h2o_1x30_4_512_128_2nd.json,3,1.0,user_stop,104.29916920699179,16
h2o,4.0,512.0,256.0,1st,772.0,stress_h2o_1x30_4_512_256_1st.json,3,1.0,user_stop,146.79422569199232,16
h2o,4.0,512.0,256.0,2nd,772.0,stress_h2o_1x30_4_512_256_2nd.json,3,1.0,user_stop,121.29217199695995,16
h2o,4.0,1024.0,64.0,1st,1092.0,stress_h2o_1x30_4_1024_64_1st.json,3,1.0,user_stop,182.52563387196278,16
streamingllm,4.0,32.0,0.0,run1,36.0,stress_streamingllm_1x30_4_32.json,3,1.0,user_stop,641.4644204060314,32
streamingllm,4.0,64.0,0.0,run1,68.0,stress_streamingllm_1x30_4_64.json,3,0.0,task_timeout,815.8179539319826,33
streamingllm,4.0,128.0,0.0,run1,132.0,stress_streamingllm_1x30_4_128.json,3,1.0,user_stop,293.31061457196483,14
streamingllm,4.0,256.0,0.0,run1,260.0,stress_streamingllm_1x30_4_256.json,3,1.0,user_stop,362.7595580519992,16
streamingllm,4.0,512.0,0.0,1st,516.0,stress_streamingllm_1x30_4_512_1st.json,3,0.0,user_stop,70.20960845099762,8
streamingllm,4.0,512.0,0.0,2nd,516.0,stress_streamingllm_1x30_4_512_2nd.json,3,0.0,user_stop,102.81779932795325,10
streamingllm,4.0,1024.0,0.0,run1,1028.0,stress_streamingllm_1x30_4_1024.json,3,1.0,user_stop,99.02857317001326,10
baseline,,,,run1,,stress_baseline_1x30.json,4,1.0,user_stop,165.32782240700908,14
baseline,,,,1st,,stress_baseline_1x30_1st.json,4,1.0,user_stop,137.92174477200024,16
baseline,,,,2nd,,stress_baseline_1x30_2nd.json,4,1.0,user_stop,165.62014298600843,14
baseline,,,,3rd,,stress_baseline_1x30_3rd.json,4,1.0,user_stop,46.60474803997204,8
h2o,4.0,32.0,32.0,run1,68.0,stress_h2o_1x30_4_32_32.json,4,1.0,user_stop,329.71439754392486,24
h2o,4.0,32.0,64.0,run1,100.0,stress_h2o_1x30_4_32_64.json,4,1.0,user_stop,278.9061998289544,22
h2o,4.0,64.0,32.0,run1,100.0,stress_h2o_1x30_4_64_32.json,4,1.0,user_stop,292.3654228610685,20
h2o,4.0,64.0,64.0,run1,132.0,stress_h2o_1x30_4_64_64.json,4,1.0,user_stop,283.44906010699924,24
h2o,4.0,32.0,128.0,run1,164.0,stress_h2o_1x30_4_32_128.json,4,1.0,user_stop,242.75542179797776,20
h2o,4.0,128.0,32.0,run1,164.0,stress_h2o_1x30_4_128_32.json,4,1.0,user_stop,280.50215208804,28
h2o,4.0,64.0,128.0,run1,196.0,stress_h2o_1x30_4_64_128.json,4,1.0,user_stop,184.333631978021,20
h2o,4.0,128.0,64.0,run1,196.0,stress_h2o_1x30_4_128_64.json,4,1.0,user_stop,241.24398021103116,24
h2o,4.0,128.0,128.0,run1,260.0,stress_h2o_1x30_4_128_128.json,4,1.0,user_stop,282.7421800419688,26
h2o,4.0,32.0,256.0,run1,292.0,stress_h2o_1x30_4_32_256.json,4,1.0,user_stop,238.16194347001147,20
h2o,4.0,256.0,32.0,run1,292.0,stress_h2o_1x30_4_256_32.json,4,1.0,user_stop,181.16938436799683,18
h2o,4.0,64.0,256.0,run1,324.0,stress_h2o_1x30_4_64_256.json,4,1.0,user_stop,101.01402588898782,8
h2o,4.0,256.0,64.0,run1,324.0,stress_h2o_1x30_4_256_64.json,4,1.0,user_stop,485.5884212140227,36
h2o,4.0,128.0,256.0,run1,388.0,stress_h2o_1x30_4_128_256.json,4,1.0,user_stop,209.03623386204708,16
h2o,4.0,256.0,128.0,run1,388.0,stress_h2o_1x30_4_256_128.json,4,1.0,user_stop,224.3817745289998,18
h2o,4.0,256.0,256.0,run1,516.0,stress_h2o_1x30_4_256_256.json,4,1.0,user_stop,182.36024849000387,18
h2o,4.0,512.0,32.0,1st,548.0,stress_h2o_1x30_4_512_32_1st.json,4,1.0,user_stop,239.20140104397433,26
h2o,4.0,512.0,32.0,2nd,548.0,stress_h2o_1x30_4_512_32_2nd.json,4,1.0,user_stop,198.00977762497496,20
h2o,4.0,512.0,64.0,1st,580.0,stress_h2o_1x30_4_512_64_1st.json,4,1.0,user_stop,158.70086026901845,20
h2o,4.0,512.0,64.0,2nd,580.0,stress_h2o_1x30_4_512_64_2nd.json,4,1.0,user_stop,30.956757260020822,6
h2o,4.0,512.0,128.0,1st,644.0,stress_h2o_1x30_4_512_128_1st.json,4,1.0,user_stop,271.67123659700155,30
h2o,4.0,512.0,128.0,2nd,644.0,stress_h2o_1x30_4_512_128_2nd.json,4,1.0,user_stop,113.48105391499121,12
h2o,4.0,512.0,256.0,1st,772.0,stress_h2o_1x30_4_512_256_1st.json,4,1.0,user_stop,224.22218723397236,16
h2o,4.0,512.0,256.0,2nd,772.0,stress_h2o_1x30_4_512_256_2nd.json,4,1.0,user_stop,190.86517670296598,18
h2o,4.0,1024.0,64.0,1st,1092.0,stress_h2o_1x30_4_1024_64_1st.json,4,1.0,user_stop,208.44163064000895,18
streamingllm,4.0,32.0,0.0,run1,36.0,stress_streamingllm_1x30_4_32.json,4,0.0,task_timeout,823.0661992760142,37
streamingllm,4.0,64.0,0.0,run1,68.0,stress_streamingllm_1x30_4_64.json,4,1.0,user_stop,463.14986006205436,22
streamingllm,4.0,128.0,0.0,run1,132.0,stress_streamingllm_1x30_4_128.json,4,1.0,user_stop,199.64807496097637,10
streamingllm,4.0,256.0,0.0,run1,260.0,stress_streamingllm_1x30_4_256.json,4,1.0,user_stop,283.1403379989788,12
streamingllm,4.0,512.0,0.0,1st,516.0,stress_streamingllm_1x30_4_512_1st.json,4,1.0,user_stop,278.9603041600203,12
streamingllm,4.0,512.0,0.0,2nd,516.0,stress_streamingllm_1x30_4_512_2nd.json,4,1.0,user_stop,273.00774138898123,12
streamingllm,4.0,1024.0,0.0,run1,1028.0,stress_streamingllm_1x30_4_1024.json,4,1.0,user_stop,264.88193015003344,12
baseline,,,,run1,,stress_baseline_1x30.json,5,1.0,user_stop,400.5959205930121,30
baseline,,,,1st,,stress_baseline_1x30_1st.json,5,1.0,user_stop,153.0279879969894,16
baseline,,,,2nd,,stress_baseline_1x30_2nd.json,5,1.0,user_stop,278.6008206400438,20
baseline,,,,3rd,,stress_baseline_1x30_3rd.json,5,1.0,user_stop,279.0902795320144,20
h2o,4.0,32.0,32.0,run1,68.0,stress_h2o_1x30_4_32_32.json,5,0.0,task_timeout,817.1643820110476,47
h2o,4.0,32.0,64.0,run1,100.0,stress_h2o_1x30_4_32_64.json,5,1.0,user_stop,625.0510852709413,66
h2o,4.0,64.0,32.0,run1,100.0,stress_h2o_1x30_4_64_32.json,5,1.0,user_stop,355.06436088401824,26
h2o,4.0,64.0,64.0,run1,132.0,stress_h2o_1x30_4_64_64.json,5,0.0,task_timeout,802.3943655560724,70
h2o,4.0,32.0,128.0,run1,164.0,stress_h2o_1x30_4_32_128.json,5,0.0,task_timeout,816.9032316110097,87
h2o,4.0,128.0,32.0,run1,164.0,stress_h2o_1x30_4_128_32.json,5,0.0,task_timeout,821.8823232559953,61
h2o,4.0,64.0,128.0,run1,196.0,stress_h2o_1x30_4_64_128.json,5,0.0,task_timeout,805.8937364090234,67
h2o,4.0,128.0,64.0,run1,196.0,stress_h2o_1x30_4_128_64.json,5,1.0,user_stop,274.8053675109986,22
h2o,4.0,128.0,128.0,run1,260.0,stress_h2o_1x30_4_128_128.json,5,1.0,user_stop,305.18823295703623,24
h2o,4.0,32.0,256.0,run1,292.0,stress_h2o_1x30_4_32_256.json,5,0.0,task_timeout,804.0803699659882,61
h2o,4.0,256.0,32.0,run1,292.0,stress_h2o_1x30_4_256_32.json,5,1.0,user_stop,140.70916943601333,16
h2o,4.0,64.0,256.0,run1,324.0,stress_h2o_1x30_4_64_256.json,5,0.0,task_timeout,812.2593611880438,55
h2o,4.0,256.0,64.0,run1,324.0,stress_h2o_1x30_4_256_64.json,5,1.0,user_stop,167.68722445704043,18
h2o,4.0,128.0,256.0,run1,388.0,stress_h2o_1x30_4_128_256.json,5,1.0,user_stop,370.64959568704944,34
h2o,4.0,256.0,128.0,run1,388.0,stress_h2o_1x30_4_256_128.json,5,1.0,user_stop,461.96495760802645,32
h2o,4.0,256.0,256.0,run1,516.0,stress_h2o_1x30_4_256_256.json,5,1.0,user_stop,217.94181182503235,20
h2o,4.0,512.0,32.0,1st,548.0,stress_h2o_1x30_4_512_32_1st.json,5,1.0,user_stop,191.09608420502627,20
h2o,4.0,512.0,32.0,2nd,548.0,stress_h2o_1x30_4_512_32_2nd.json,5,1.0,user_stop,389.3415337939514,30
h2o,4.0,512.0,64.0,1st,580.0,stress_h2o_1x30_4_512_64_1st.json,5,1.0,user_stop,323.9174625580199,32
h2o,4.0,512.0,64.0,2nd,580.0,stress_h2o_1x30_4_512_64_2nd.json,5,1.0,user_stop,130.08932140597608,14
h2o,4.0,512.0,128.0,1st,644.0,stress_h2o_1x30_4_512_128_1st.json,5,1.0,user_stop,306.40693767700577,30
h2o,4.0,512.0,128.0,2nd,644.0,stress_h2o_1x30_4_512_128_2nd.json,5,1.0,user_stop,234.7717790940078,18
h2o,4.0,512.0,256.0,1st,772.0,stress_h2o_1x30_4_512_256_1st.json,5,1.0,user_stop,180.44900232600048,18
h2o,4.0,512.0,256.0,2nd,772.0,stress_h2o_1x30_4_512_256_2nd.json,5,1.0,user_stop,197.42308073700406,18
h2o,4.0,1024.0,64.0,1st,1092.0,stress_h2o_1x30_4_1024_64_1st.json,5,1.0,user_stop,448.23628209502203,38
streamingllm,4.0,32.0,0.0,run1,36.0,stress_streamingllm_1x30_4_32.json,5,0.0,task_timeout,841.7041974329622,45
streamingllm,4.0,64.0,0.0,run1,68.0,stress_streamingllm_1x30_4_64.json,5,1.0,user_stop,309.29252718994394,14
streamingllm,4.0,128.0,0.0,run1,132.0,stress_streamingllm_1x30_4_128.json,5,0.0,task_timeout,811.2813608529978,29
streamingllm,4.0,256.0,0.0,run1,260.0,stress_streamingllm_1x30_4_256.json,5,1.0,user_stop,530.937567098008,22
streamingllm,4.0,512.0,0.0,1st,516.0,stress_streamingllm_1x30_4_512_1st.json,5,1.0,user_stop,263.54032324795844,12
streamingllm,4.0,512.0,0.0,2nd,516.0,stress_streamingllm_1x30_4_512_2nd.json,5,1.0,user_stop,269.52261327701854,16
streamingllm,4.0,1024.0,0.0,run1,1028.0,stress_streamingllm_1x30_4_1024.json,5,1.0,user_stop,199.38037303299643,12
baseline,,,,run1,,stress_baseline_1x30.json,6,1.0,user_stop,85.17456088704057,12
baseline,,,,1st,,stress_baseline_1x30_1st.json,6,1.0,user_stop,80.2550107720308,12
baseline,,,,2nd,,stress_baseline_1x30_2nd.json,6,1.0,user_stop,78.61113811703399,12
baseline,,,,3rd,,stress_baseline_1x30_3rd.json,6,1.0,user_stop,111.30698663601652,14
h2o,4.0,32.0,32.0,run1,68.0,stress_h2o_1x30_4_32_32.json,6,1.0,user_stop,268.4320363920415,18
h2o,4.0,32.0,64.0,run1,100.0,stress_h2o_1x30_4_32_64.json,6,1.0,user_stop,177.31117356393952,20
h2o,4.0,64.0,32.0,run1,100.0,stress_h2o_1x30_4_64_32.json,6,0.0,task_timeout,801.5895713970531,62
h2o,4.0,64.0,64.0,run1,132.0,stress_h2o_1x30_4_64_64.json,6,1.0,user_stop,531.8836326670134,38
h2o,4.0,32.0,128.0,run1,164.0,stress_h2o_1x30_4_32_128.json,6,1.0,user_stop,349.77925573301036,32
h2o,4.0,128.0,32.0,run1,164.0,stress_h2o_1x30_4_128_32.json,6,1.0,user_stop,186.12232896697242,16
h2o,4.0,64.0,128.0,run1,196.0,stress_h2o_1x30_4_64_128.json,6,1.0,user_stop,122.75930959999096,16
h2o,4.0,128.0,64.0,run1,196.0,stress_h2o_1x30_4_128_64.json,6,1.0,user_stop,145.4130415969994,18
h2o,4.0,128.0,128.0,run1,260.0,stress_h2o_1x30_4_128_128.json,6,1.0,user_stop,219.33271087298635,20
h2o,4.0,32.0,256.0,run1,292.0,stress_h2o_1x30_4_32_256.json,6,1.0,user_stop,483.7455703760497,46
h2o,4.0,256.0,32.0,run1,292.0,stress_h2o_1x30_4_256_32.json,6,1.0,user_stop,229.93992899998557,26
h2o,4.0,64.0,256.0,run1,324.0,stress_h2o_1x30_4_64_256.json,6,1.0,user_stop,137.36946539999917,16
h2o,4.0,256.0,64.0,run1,324.0,stress_h2o_1x30_4_256_64.json,6,1.0,user_stop,260.68107801501174,24
h2o,4.0,128.0,256.0,run1,388.0,stress_h2o_1x30_4_128_256.json,6,1.0,user_stop,225.12905450200196,18
h2o,4.0,256.0,128.0,run1,388.0,stress_h2o_1x30_4_256_128.json,6,1.0,user_stop,530.2743344760383,38
h2o,4.0,256.0,256.0,run1,516.0,stress_h2o_1x30_4_256_256.json,6,1.0,user_stop,113.19767672894523,14
h2o,4.0,512.0,32.0,1st,548.0,stress_h2o_1x30_4_512_32_1st.json,6,1.0,user_stop,185.9552580860327,20
h2o,4.0,512.0,32.0,2nd,548.0,stress_h2o_1x30_4_512_32_2nd.json,6,1.0,user_stop,173.53391843201825,18
h2o,4.0,512.0,64.0,1st,580.0,stress_h2o_1x30_4_512_64_1st.json,6,1.0,user_stop,114.20730150403688,14
h2o,4.0,512.0,64.0,2nd,580.0,stress_h2o_1x30_4_512_64_2nd.json,6,1.0,user_stop,245.06987108802423,22
h2o,4.0,512.0,128.0,1st,644.0,stress_h2o_1x30_4_512_128_1st.json,6,1.0,user_stop,110.91763889300637,14
h2o,4.0,512.0,128.0,2nd,644.0,stress_h2o_1x30_4_512_128_2nd.json,6,1.0,user_stop,144.18468105699867,14
h2o,4.0,512.0,256.0,1st,772.0,stress_h2o_1x30_4_512_256_1st.json,6,1.0,user_stop,94.94515273103025,12
h2o,4.0,512.0,256.0,2nd,772.0,stress_h2o_1x30_4_512_256_2nd.json,6,1.0,user_stop,186.57856445701327,16
h2o,4.0,1024.0,64.0,1st,1092.0,stress_h2o_1x30_4_1024_64_1st.json,6,1.0,user_stop,198.35760447301436,16
streamingllm,4.0,32.0,0.0,run1,36.0,stress_streamingllm_1x30_4_32.json,6,0.0,task_timeout,838.8086007810198,41
streamingllm,4.0,64.0,0.0,run1,68.0,stress_streamingllm_1x30_4_64.json,6,0.0,task_timeout,804.7212751259794,33
streamingllm,4.0,128.0,0.0,run1,132.0,stress_streamingllm_1x30_4_128.json,6,0.0,task_timeout,845.6768020309974,31
streamingllm,4.0,256.0,0.0,run1,260.0,stress_streamingllm_1x30_4_256.json,6,1.0,user_stop,453.6310855150223,20
streamingllm,4.0,512.0,0.0,1st,516.0,stress_streamingllm_1x30_4_512_1st.json,6,1.0,user_stop,416.0205292739556,18
streamingllm,4.0,512.0,0.0,2nd,516.0,stress_streamingllm_1x30_4_512_2nd.json,6,1.0,user_stop,121.67959724599496,10
streamingllm,4.0,1024.0,0.0,run1,1028.0,stress_streamingllm_1x30_4_1024.json,6,1.0,user_stop,384.0848387479782,20
